CarNumber,SURNAME
Y163O8161RUS,BAKER
E432XX77RUS,CRUZ
7184TT36RUS,MARTIN
X582HE161RUS,REED
92918M178RUS,COOPER
H234YH197RUS,WOOD
E40577152RUS,COLLINS
707987163RUS,ALLEN
K330T8197RUS,PRICE
X786CO96RUS,ROBINSON
C477M7161RUS,ALVAREZ
O21997197RUS,HERNANDEZ
M592CH197RUS,STEWART
9020YC197RUS,PEREZ
8182XX154RUS,REED
7830C8197RUS,HALL
7066C8197RUS,PRICE
M298CH161RUS,DIAZ
E445TC197RUS,RUIZ
8440XX154RUS,EVANS
9371CE154RUS,MORRIS
9182CE154RUS,COOPER
83298C154RUS,WILSON
Y7659C197RUS,PRICE
C922YE197RUS,TURNER
7364C8197RUS,MARTINEZ
M5039X197RUS,HALL
8603T8154RUS,REED
92928M178RUS,SANCHEZ
O672E8197RUS,MORRIS
E42277152RUS,MARTINEZ
C903MC161RUS,TAYLOR
T7318T163RUS,COLLINS
Y7719C197RUS,RIVERA
T011MY163RUS,TORRES
H115YO163RUS,GARCIA
73467Y96RUS,COX
O134HE197RUS,DIAZ
H968HY161RUS,ANDERSON
Y654E8750RUS,WHITE
H963HY161RUS,ROGERS
H232YH197RUS,SMITH
7843C8197RUS,WARD
X791O796RUS,PARKER
H958HY161RUS,COLLINS
708587163RUS,WATSON
Y973O8197RUS,KING
97977H178RUS,COLLINS
H917TC36RUS,GARCIA
X786CO96RUS,GUTIERREZ
Y7709C197RUS,MURPHY
8513XX154RUS,THOMAS
T870X7163RUS,LONG
8818C877RUS,STEWART
T395OT197RUS,THOMAS
K327T8197RUS,HUGHES
8311XX154RUS,CARTER
X423MK197RUS,BROOKS
96429X178RUS,RIVERA
O275O7161RUS,COLLINS
7789KT197RUS,PEREZ
E28877161RUS,HERNANDEZ
T6068M116RUS,MENDOZA
9498KX178RUS,MORRIS
99209X178RUS,MENDOZA
T6449O50RUS,GRAY
9683EC178RUS,MYERS
Y353O8197RUS,RODRIGUEZ
O719MM163RUS,PHILLIPS
E535MM199RUS,THOMAS
Y352O8197RUS,JIMENEZ
7788KT197RUS,SMITH
E807HE77RUS,EVANS
M516CH161RUS,YOUNG
89587X197RUS,GREEN
7781KT197RUS,WARD
E645TH36RUS,NELSON
Y302E877RUS,JOHNSON
M058XE36RUS,BENNETT
7830C8197RUS,ROBINSON
8166XX154RUS,WILSON
M589CH197RUS,MORALES
9408H7178RUS,WOOD
H387TM197RUS,MENDOZA
8049HT125RUS,RAMOS
9698MO178RUS,WALKER
8685HE154RUS,CARTER
7177TT36RUS,MORRIS
O77997197RUS,JAMES
Y234E877RUS,MARTIN
97987H178RUS,CAMPBELL
X257HE161RUS,COLLINS
T399KX197RUS,RICHARDSON
H957HY161RUS,ADAMS
K379HY161RUS,HALL
T654HT96RUS,MOORE
8439XX154RUS,MENDOZA
Y965EE197RUS,MORGAN
X758HY197RUS,WHITE
M0279X197RUS,THOMAS
H224X836RUS,ANDERSON
E6849O154RUS,ROSS
O83797197RUS,PARKER
9402KK197RUS,ADAMS
7368C8197RUS,COOPER
H427YH197RUS,WRIGHT
9583EY178RUS,MARTINEZ
Y038E877RUS,SCOTT
9822H8161RUS,BROOKS
7826C8197RUS,CARTER
E160YX77RUS,BROOKS
82337X197RUS,RUIZ
X757HY197RUS,CASTILLO
X765HY197RUS,KELLY
934497178RUS,BROOKS
K2807K154RUS,ANDERSON
T8008Y125RUS,KELLY
X765HY197RUS,ANDERSON
Y960EE197RUS,BAKER
7840C8197RUS,SANDERS
K846YE77RUS,BENNETT
E40577152RUS,GOMEZ
7827C8197RUS,BAKER
Y655E8750RUS,SMITH
H003MH197RUS,TURNER
Y7699C197RUS,COOK
Y8399C197RUS,NELSON
9135X938RUS,RAMOS
H385TM197RUS,LONG
9428EX178RUS,CASTILLO
H837YK197RUS,MOORE
O83597197RUS,SANCHEZ
E42577152RUS,WARD
E53277152RUS,WALKER
C476M7161RUS,CRUZ
9943KK197RUS,MURPHY
8165XX154RUS,MARTIN
T476KX197RUS,ROBERTS
C422X938RUS,RICHARDSON
K328T8197RUS,ALLEN
9466EX178RUS,MORGAN
X256HE161RUS,SANDERS
Y275O8197RUS,HARRIS
8165XX154RUS,HILL
E432XX77RUS,DIAZ
7830C8197RUS,MARTINEZ
H217X836RUS,LEWIS
Y316E877RUS,GONZALEZ
934497178RUS,HARRIS
O77997197RUS,MURPHY
8601XX154RUS,SANDERS
M741T9152RUS,STEWART
9883HX152RUS,TURNER
Y6829Y50RUS,MORGAN
H004MH197RUS,RUIZ
704987163RUS,ROBERTS
E160YX77RUS,MORALES
E316EH197RUS,THOMPSON
X758HY197RUS,MILLER
O22297197RUS,KIM
O02597197RUS,HUGHES
X015HY197RUS,MILLER
T769OT197RUS,BAILEY
Y778EE197RUS,GOMEZ
7829C8197RUS,BENNETT
T272HH163RUS,WATSON
T018OX197RUS,DIAZ
Y255E877RUS,BROWN
9182CE154RUS,JOHNSON
9697MO178RUS,TAYLOR
C477M7161RUS,JONES
T686EO197RUS,MORGAN
C590EY154RUS,COLLINS
T941CC96RUS,SMITH
O22397197RUS,PETERSON
X242EC197RUS,MOORE
T020OX197RUS,RICHARDSON
E33577152RUS,RAMIREZ
Y973O8197RUS,RICHARDSON
E773EH197RUS,HERNANDEZ
T6428M116RUS,GREEN
Y7129Y50RUS,COOPER
Y418EX197RUS,EDWARDS
Y7689C197RUS,WILSON
7066C8197RUS,RODRIGUEZ
E52877152RUS,EDWARDS
7369C8197RUS,NGUYEN
Y166O8161RUS,WOOD
705287163RUS,KING
K559KC161RUS,PARKER
M0299X197RUS,WOOD
92928M178RUS,MORALES
9822H8161RUS,SANDERS
8603T8154RUS,HUGHES
84418C154RUS,RODRIGUEZ
E53488152RUS,MOORE
9697MO178RUS,BROOKS
Y7709C197RUS,PHILLIPS
90159H178RUS,STEWART
C798ET50RUS,LONG
Y193O8161RUS,ALVAREZ
7248C8197RUS,DIAZ
Y275O8197RUS,YOUNG
K357YE77RUS,PARKER
9697MO178RUS,MORALES
E0697X152RUS,REYES
E40877152RUS,GARCIA
Y351O8197RUS,HILL
Y356O8197RUS,HALL
O6939X163RUS,CHAVEZ
Y7649C197RUS,WATSON
9935TE152RUS,ROSS
704687163RUS,EDWARDS
7197TT36RUS,MILLER
X765HY197RUS,ADAMS
H115YO163RUS,RAMIREZ
O143HO197RUS,BAILEY
K436MO152RUS,WILLIAMS
9938OH154RUS,WALKER
E34877152RUS,HOWARD
E5878M777RUS,RAMOS
E33577152RUS,COOPER
7844C8197RUS,ROBERTS
X256HE161RUS,WHITE
C584EY154RUS,CARTER
E28977161RUS,PEREZ
T016OX197RUS,JIMENEZ
H889YK197RUS,WARD
7363C8197RUS,ROSS
T6039O50RUS,ROGERS
7365C8197RUS,GONZALEZ
Y967O8197RUS,DIAZ
E816HE77RUS,KELLY
T6329O50RUS,REED
X504X8197RUS,RAMIREZ
M581CH197RUS,GOMEZ
X523OM161RUS,SANCHEZ
C412X938RUS,FOSTER
7831C8197RUS,BAKER
8164XX154RUS,GONZALEZ
H004MH197RUS,SANDERS
X015HY197RUS,HILL
T6419O50RUS,CLARK
E822TH36RUS,TORRES
8437XX154RUS,GUTIERREZ
E445TC197RUS,RAMIREZ
C515X938RUS,GRAY
7172TT36RUS,RAMOS
8436XX154RUS,MOORE
E79988152RUS,JIMENEZ
8180XX154RUS,MORGAN
84438C154RUS,ORTIZ
T6309O50RUS,WARD
T6129O50RUS,PEREZ
K339T8197RUS,GUTIERREZ
8685HE154RUS,CAMPBELL
X782CO96RUS,PHILLIPS
E591HE77RUS,ALVAREZ
89587X197RUS,PATEL
9499KX178RUS,HALL
8818C877RUS,LEE
Y357O8197RUS,HOWARD
Y652O8197RUS,BROWN
X767HY197RUS,WOOD
H220X836RUS,BROOKS
H218X836RUS,MURPHY
T913CT197RUS,THOMAS
T6439O50RUS,CLARK
7784KT197RUS,ROBINSON
X286TC36RUS,JAMES
O752MX161RUS,COOK
Y7449Y50RUS,DAVIS
H115YO163RUS,MURPHY
8818C877RUS,BROOKS
92828M178RUS,SCOTT
Y650E8750RUS,EDWARDS
X767HY197RUS,ORTIZ
9498KX178RUS,JACKSON
83298C154RUS,KING
8321XX154RUS,JOHNSON
8316XX154RUS,EDWARDS
T017OX197RUS,MOORE
H977HY161RUS,BROOKS
7788KT197RUS,WILLIAMS
X522OM161RUS,ROBERTS
O085E8197RUS,BENNETT
8166XX154RUS,FLORES
705387163RUS,LEE
O017KO197RUS,CRUZ
X4138H125RUS,COOPER
8441XX154RUS,GONZALEZ
M0269X197RUS,MARTIN
7781KT197RUS,WILLIAMS
T483CT96RUS,ALVAREZ
T940CC96RUS,BROOKS
C58078163RUS,EDWARDS
O02397197RUS,GARCIA
T018OX197RUS,WILLIAMS
H963HY161RUS,ROBINSON
8611T8154RUS,JACKSON
704787163RUS,RAMIREZ
E53488152RUS,PETERSON
Y7129Y50RUS,LONG
C313MM99RUS,WILLIAMS
8611T8154RUS,PATEL
X763HY197RUS,CHAVEZ
M386M9197RUS,PRICE
8605T8154RUS,COX
O22297197RUS,TURNER
7147OE161RUS,LEWIS
O134HE197RUS,GONZALEZ
7361C8197RUS,WOOD
Y359EY197RUS,BAILEY
T6559O50RUS,LOPEZ
E53277152RUS,WALKER
X015HY197RUS,ALLEN
9469EX178RUS,COOPER
Y6839Y50RUS,BAKER
H237YH197RUS,DIAZ
T948OM96RUS,ADAMS
T395KX197RUS,YOUNG
M301CH161RUS,SMITH
M581CH197RUS,HILL
E79988152RUS,GONZALEZ
9496KX178RUS,RICHARDSON
T6319O50RUS,ANDERSON
H305T8197RUS,RIVERA
8201XX154RUS,RAMOS
O64297197RUS,LEE
9523M8178RUS,HALL
Y273O8197RUS,HOWARD
T6229O50RUS,SANDERS
9943KK197RUS,LEE
X023HY197RUS,MURPHY
8226XX154RUS,RAMOS
Y038TO197RUS,RAMOS
M0289X197RUS,EVANS
E811HE77RUS,FLORES
X795O796RUS,CLARK
O39997197RUS,RAMOS
97968K152RUS,TURNER
K339T8197RUS,WRIGHT
H219X836RUS,MILLER
T6169O50RUS,MOORE
Y352O8197RUS,ALVAREZ
94178K154RUS,THOMAS
7365C8197RUS,WALKER
9467EX178RUS,BROWN
O78097197RUS,WRIGHT
X5707X161RUS,SANCHEZ
Y232E877RUS,ROBERTS
Y388E877RUS,ORTIZ
X255HE161RUS,REYES
E552MO152RUS,MORRIS
97998K152RUS,RUIZ
Y963O8197RUS,MARTIN
Y778EE197RUS,HARRIS
T654HT96RUS,BAKER
T477KX197RUS,GOMEZ
T2639T116RUS,MORGAN
O49797197RUS,PARKER
O83597197RUS,RIVERA
H387TM197RUS,WALKER
O68897197RUS,PATEL
72457Y96RUS,PATEL
7064C8197RUS,GARCIA
E948C8152RUS,HERNANDEZ
C514X938RUS,MOORE
C589EY154RUS,ROGERS
K899T8197RUS,COOK
T6418M116RUS,KIM
8607XX154RUS,TURNER
92778M178RUS,CRUZ
T288CT96RUS,MOORE
9886HX152RUS,MYERS
C583EY154RUS,HOWARD
7788KT197RUS,COX
T016OX197RUS,LEWIS
T6419O50RUS,THOMAS
C592EY154RUS,KIM
T6459O50RUS,YOUNG
Y356O8197RUS,CLARK
X759HY197RUS,BROOKS
705787163RUS,PEREZ
Y973O8197RUS,MORRIS
92898M178RUS,REYES
9671EC178RUS,COX
M302CH161RUS,BENNETT
X023HY197RUS,WATSON
M578CH197RUS,RIVERA
O77997197RUS,WRIGHT
7368C8197RUS,TURNER
9683EC178RUS,MARTINEZ
Y207O8161RUS,MORRIS
96659X178RUS,WALKER
T912CT197RUS,FLORES
7183TT36RUS,BENNETT
89557X197RUS,SMITH
E773EH197RUS,PETERSON
Y359O8197RUS,WILSON
K2817K154RUS,NGUYEN
X758HY197RUS,EDWARDS
Y964O8197RUS,PEREZ
H967HY161RUS,MENDOZA
E394MO152RUS,MORALES
O50699163RUS,LEE
9463EX178RUS,MORGAN
E53677152RUS,JOHNSON
K338T8197RUS,THOMPSON
Y4298M777RUS,HARRIS
Y687HM197RUS,EVANS
8311XX154RUS,EDWARDS
98037H178RUS,FLORES
7828C8197RUS,PATEL
H980HY161RUS,WHITE
H906YK197RUS,KIM
7199MT197RUS,REED
X908XC197RUS,HERNANDEZ
T171CC96RUS,RAMIREZ
X4108H125RUS,STEWART
Y966O8197RUS,CAMPBELL
K2797K154RUS,THOMPSON
7089H8163RUS,HERNANDEZ
9883HX152RUS,COLLINS
7841C8197RUS,EVANS
9940KK197RUS,PATEL
H224X836RUS,EDWARDS
H971HY161RUS,YOUNG
M0269X197RUS,LOPEZ
E316EH197RUS,MILLER
X257HE161RUS,HERNANDEZ
H844YH197RUS,SANCHEZ
9523M8178RUS,ALVAREZ
E33477152RUS,COX
Y156E877RUS,WALKER
E396MO152RUS,MORALES
E0697X152RUS,ROSS
Y969O8197RUS,CHAVEZ
9028CO161RUS,BAILEY
7840C8197RUS,RUIZ
T6249O50RUS,LOPEZ
E53677152RUS,THOMAS
E42377152RUS,NELSON
9941KK197RUS,JOHNSON
E28877161RUS,SCOTT
M0299X197RUS,EDWARDS
M372CH197RUS,MORGAN
K040CC197RUS,ROGERS
E41577152RUS,EVANS
9763HY161RUS,WILLIAMS
T535ET96RUS,PETERSON
92918M178RUS,MARTINEZ
Y655E8750RUS,BAKER
K2797K154RUS,YOUNG
K559KC161RUS,JACKSON
7369C8197RUS,JOHNSON
8321XX154RUS,MORGAN
O134HE197RUS,YOUNG
H961HY161RUS,REED
M2169X197RUS,ROBERTS
707987163RUS,JACKSON
8234XX154RUS,CASTILLO
X759HY197RUS,SCOTT
O83697197RUS,ROGERS
92918M178RUS,MENDOZA
92928M178RUS,COLLINS
E52677152RUS,RUIZ
8451M7154RUS,ANDERSON
9589EY178RUS,BROWN
H907YK197RUS,HARRIS
O39897197RUS,KELLY
M3879X197RUS,BROOKS
C299K9154RUS,MITCHELL
M0299X197RUS,CASTILLO
8437XX154RUS,KELLY
9468EX178RUS,KING
M375CH197RUS,MORGAN
H982HY161RUS,HOWARD
8201XX154RUS,MARTIN
8224XX154RUS,SANDERS
O22397197RUS,CRUZ
Y653E8750RUS,WILSON
K558KC161RUS,BROWN
O058M7161RUS,COOPER
M256OH161RUS,PEREZ
7183TT36RUS,ROBINSON
T242H8197RUS,COLLINS
K27188138RUS,HARRIS
X782CO96RUS,WALKER
Y7659C197RUS,MORALES
X523OM161RUS,BAKER
96629X178RUS,ORTIZ
9881HX152RUS,KIM
9020YC197RUS,RAMIREZ
T479KX197RUS,COOK
M680T9152RUS,WARD
7831C8197RUS,WRIGHT
7844C8197RUS,TORRES
T011MY163RUS,TORRES
C410X938RUS,ADAMS
X762HY197RUS,DAVIS
9470EX178RUS,HARRIS
X4128H125RUS,DAVIS
9762HY161RUS,THOMPSON
H419XE197RUS,JOHNSON
98017H178RUS,CRUZ
Y780EE197RUS,BAILEY
M580CH197RUS,EDWARDS
T686EO197RUS,RIVERA
9943OH154RUS,JACKSON
Y354O8197RUS,MILLER
7065C8197RUS,KING
E28777161RUS,WATSON
M701T9152RUS,TURNER
E577HE77RUS,REYES
92788M178RUS,ROGERS
9072EM178RUS,PHILLIPS
9409H7178RUS,EVANS
C3829X154RUS,JAMES
T478KX197RUS,DIAZ
T119CT96RUS,CASTILLO
X795O796RUS,THOMAS
708487163RUS,THOMAS
H983HY161RUS,BENNETT
7842C8197RUS,WRIGHT
O64097197RUS,WALKER
Y693HM197RUS,HOWARD
96857X197RUS,EVANS
7177TT36RUS,ROGERS
9428EX178RUS,WILSON
84438C154RUS,DIAZ
Y7689C197RUS,CLARK
H427YH197RUS,BAKER
T394KX197RUS,ALVAREZ
O49897197RUS,RUIZ
H963X936RUS,RAMIREZ
T341CC96RUS,HALL
9942KK197RUS,ANDERSON
9141H8178RUS,BENNETT
9942KK197RUS,WILSON
7370C8197RUS,MILLER
9890HX152RUS,TURNER
9409H7178RUS,RAMIREZ
M268CH197RUS,PARKER
Y780EE197RUS,BENNETT
Y388E877RUS,FOSTER
C419X938RUS,HERNANDEZ
M0319X197RUS,HILL
M577CH197RUS,RIVERA
7361C8197RUS,RAMIREZ
H975HY161RUS,YOUNG
X018HY197RUS,BROWN
E33177152RUS,COX
X256HE161RUS,GRAY
Y7689C197RUS,ROBERTS
7788KT197RUS,CASTILLO
9491H7178RUS,FOSTER
M374CH197RUS,STEWART
96679X178RUS,BROWN
9594HY161RUS,ORTIZ
83218C154RUS,TORRES
9764HY161RUS,PHILLIPS
708187163RUS,WOOD
H908YK197RUS,ANDERSON
H004MH197RUS,JOHNSON
92788M178RUS,COOPER
Y656E8750RUS,PHILLIPS
9679EC178RUS,SANCHEZ
O017KO197RUS,GONZALEZ
H957HY161RUS,WRIGHT
X286TC36RUS,WATSON
C803KE163RUS,TAYLOR
Y7379Y50RUS,BROWN
X320MK197RUS,RIVERA
C476M7161RUS,JACKSON
H844YH197RUS,LONG
96907X197RUS,ALVAREZ
Y650E8750RUS,PARKER
H235YH197RUS,HUGHES
9474EX178RUS,TAYLOR
Y8259C197RUS,EDWARDS
E29577161RUS,HOWARD
X761HY197RUS,ROSS
H387TM197RUS,YOUNG
T396KX197RUS,CARTER
C593EY154RUS,DIAZ
Y164O8161RUS,ADAMS
M942OT152RUS,CAMPBELL
T476KX197RUS,WALKER
H889YK197RUS,RUIZ
Y7429Y50RUS,HILL
H976HY161RUS,ALVAREZ
C410X938RUS,HALL
Y195O8161RUS,EDWARDS
O669E8197RUS,HOWARD
Y187O8161RUS,MILLER
K329T8197RUS,ANDERSON
96659X178RUS,THOMPSON
7842C8197RUS,SANCHEZ
O275O7161RUS,ROBINSON
9677MO178RUS,JONES
H957HY161RUS,RAMIREZ
M0279X197RUS,MITCHELL
9939KK197RUS,JIMENEZ
Y8399C197RUS,HERNANDEZ
M373CH197RUS,YOUNG
7164YM36RUS,JOHNSON
7843C8197RUS,NELSON
O753MX161RUS,EVANS
9468EX178RUS,COOK
T395KX197RUS,HOWARD
T6488M116RUS,GREEN
7361C8197RUS,WILSON
98047H178RUS,GRAY
8316XX154RUS,JIMENEZ
O752MX161RUS,CRUZ
8234XX154RUS,HALL
9488EY178RUS,RAMOS
96857X197RUS,BAILEY
O481OH77RUS,ADAMS
K326T8197RUS,NGUYEN
90159H178RUS,ROGERS
9469EX178RUS,EDWARDS
X796TH96RUS,BROOKS
9499KX178RUS,CAMPBELL
Y358O8197RUS,HILL
C420X938RUS,JOHNSON
Y965O8197RUS,RODRIGUEZ
96429X178RUS,MILLER
Y274O8197RUS,PETERSON
Y358O8197RUS,RODRIGUEZ
E223YM197RUS,WARD
E42277152RUS,TAYLOR
E34877152RUS,LOPEZ
Y964EE197RUS,RAMIREZ
T6049O50RUS,MURPHY
8601XX154RUS,JAMES
H259HY161RUS,ADAMS
T940CC96RUS,MYERS
T288CT96RUS,NELSON
Y6839Y50RUS,YOUNG
Y344E877RUS,SANCHEZ
K889HY161RUS,GARCIA
H214X836RUS,HERNANDEZ
T399KX197RUS,ALVAREZ
O421OT161RUS,LEE
H232YH197RUS,RICHARDSON
7360C8197RUS,WHITE
T6418M116RUS,BROWN
7248C8197RUS,ROGERS
Y194O8161RUS,SMITH
9881HX152RUS,THOMPSON
T6359O50RUS,HALL
E29677161RUS,JIMENEZ
T020MM116RUS,CARTER
C798ET50RUS,MITCHELL
Y7719C197RUS,COOPER
9502XX38RUS,NELSON
8521XX154RUS,YOUNG
Y273O8197RUS,COOK
M580CH197RUS,HERNANDEZ
K376HE161RUS,CLARK
7193TT36RUS,HUGHES
O785T9163RUS,MYERS
H618YC38RUS,THOMAS
Y7689C197RUS,COX
M592CH197RUS,GREEN
Y352O8197RUS,ANDERSON
9068EM178RUS,PRICE
7783KT197RUS,BROOKS
Y305E877RUS,ANDERSON
E881OT197RUS,ROBERTS
Y8259C197RUS,NELSON
Y969O8197RUS,KIM
92928M178RUS,RUIZ
O718MM163RUS,REYES
Y7129Y50RUS,PHILLIPS
9975CC77RUS,MITCHELL
C592EY154RUS,CAMPBELL
T195OK161RUS,EVANS
Y966O8197RUS,MITCHELL
T914CT197RUS,BAKER
E41977152RUS,MORRIS
T171CC96RUS,WOOD
9464EX178RUS,GARCIA
O50197197RUS,PETERSON
7608EE777RUS,CAMPBELL
X583HE161RUS,RAMOS
Y7229Y50RUS,RAMIREZ
M6977E152RUS,BAKER
K2797K154RUS,LEWIS
8325M7154RUS,MENDOZA
Y192O8161RUS,MORRIS
7784KT197RUS,MENDOZA
96599X178RUS,MARTINEZ
X760HY197RUS,WHITE
Y358O8197RUS,MORGAN
H966HY161RUS,TURNER
9938KK197RUS,RAMIREZ
98087H178RUS,ORTIZ
K2807K154RUS,REED
H977HY161RUS,HERNANDEZ
7367C8197RUS,ROSS
9137X938RUS,ROGERS
Y356O8197RUS,CARTER
9398MM199RUS,PARKER
8436XX154RUS,WATSON
8180XX154RUS,DIAZ
E53477152RUS,SCOTT
O718MM163RUS,RAMOS
9677MO178RUS,CASTILLO
9498KX178RUS,RICHARDSON
K436MO152RUS,LOPEZ
7194TT36RUS,JAMES
7364C8197RUS,BROOKS
O136HO197RUS,GUTIERREZ
O68897197RUS,JAMES
O718MM163RUS,CLARK
7065C8197RUS,HARRIS
O22097197RUS,PRICE
Y163O8161RUS,JIMENEZ
M0309X197RUS,PEREZ
O673E8197RUS,RODRIGUEZ
8610T8154RUS,GARCIA
H419XE197RUS,SMITH
M0299X197RUS,WILSON
83298C154RUS,HALL
H957HY161RUS,COOK
T941CC96RUS,RIVERA
H966HY161RUS,ORTIZ
Y655E8750RUS,CRUZ
C410X938RUS,WHITE
7781KT197RUS,THOMPSON
97968K152RUS,ROSS
H837YK197RUS,EVANS
X320MK197RUS,ROGERS
96907X197RUS,MYERS
C798ET50RUS,ORTIZ
8441XX154RUS,JOHNSON
8180XX154RUS,BROWN
9402KK197RUS,WRIGHT
7840C8197RUS,MITCHELL
7788KT197RUS,BROWN
E41577152RUS,BROOKS
Y352O8197RUS,KELLY
8321XX154RUS,SANDERS
H976HY161RUS,COX
K2797K154RUS,ALLEN
Y302E877RUS,FLORES
K2797K154RUS,ALLEN
92918M178RUS,LONG
89557X197RUS,SANDERS
8316XX154RUS,JIMENEZ
96659X178RUS,MURPHY
H259HY161RUS,REED
X782CO96RUS,JOHNSON
H232YH197RUS,SANCHEZ
T288CT96RUS,ROBINSON
Y7129Y50RUS,RODRIGUEZ
T171CC96RUS,JIMENEZ
H906YK197RUS,CHAVEZ
E160YX77RUS,REED
E816HE77RUS,ANDERSON
Y8259C197RUS,BROWN
H115YO163RUS,RAMOS
8437XX154RUS,WARD
H961HY161RUS,YOUNG
H237YH197RUS,COOPER
T6459O50RUS,PETERSON
M268CH197RUS,NGUYEN
T6049O50RUS,ROGERS
C420X938RUS,LONG
C3829X154RUS,JONES
O22397197RUS,ORTIZ
E52677152RUS,LONG
C584EY154RUS,EDWARDS
7828C8197RUS,SANDERS
7183TT36RUS,DIAZ
O718MM163RUS,MORALES
X256HE161RUS,GREEN
E160YX77RUS,CRUZ
7840C8197RUS,LOPEZ
X286TC36RUS,WILLIAMS
T6428M116RUS,JAMES
Y7689C197RUS,GOMEZ
H618YC38RUS,MORRIS
O49797197RUS,MITCHELL
H419XE197RUS,STEWART
H971HY161RUS,SANCHEZ
H957HY161RUS,WATSON
T6449O50RUS,MITCHELL
9499KX178RUS,PATEL
T394KX197RUS,MARTIN
Y344E877RUS,HUGHES
O77997197RUS,HOWARD
O02397197RUS,PEREZ
98087H178RUS,BENNETT
O68897197RUS,JIMENEZ
Y359EY197RUS,CRUZ
O143HO197RUS,WHITE
Y7379Y50RUS,MENDOZA
Y8399C197RUS,THOMAS
9072EM178RUS,REED
T6488M116RUS,MORGAN
9881HX152RUS,HARRIS
Y973O8197RUS,CAMPBELL
E394MO152RUS,COOPER
X504X8197RUS,BAILEY
H214X836RUS,REED
T535ET96RUS,WARD
C477M7161RUS,MORRIS
E53488152RUS,ROGERS
K2797K154RUS,FOSTER
E948C8152RUS,JIMENEZ
Y316E877RUS,HALL
O719MM163RUS,PEREZ
7843C8197RUS,GUTIERREZ
7368C8197RUS,WILSON
96679X178RUS,PETERSON
96857X197RUS,THOMAS
M256OH161RUS,HOWARD
M372CH197RUS,PEREZ
7844C8197RUS,MORGAN
H387TM197RUS,MORRIS
Y166O8161RUS,MOORE
705787163RUS,ALLEN
7197TT36RUS,BROWN
84418C154RUS,RAMOS
H385TM197RUS,GREEN
E28877161RUS,PETERSON
Y653E8750RUS,REED
Y969O8197RUS,CRUZ
Y969O8197RUS,KING
7361C8197RUS,MARTIN
Y038TO197RUS,GUTIERREZ
7066C8197RUS,CRUZ
T769OT197RUS,COOK
O22297197RUS,HUGHES
7788KT197RUS,COX
H115YO163RUS,STEWART
E552MO152RUS,PEREZ
O83597197RUS,NELSON
M592CH197RUS,FOSTER
X762HY197RUS,BROWN
M577CH197RUS,HALL
9182CE154RUS,BAILEY
K339T8197RUS,DAVIS
Y973O8197RUS,KELLY
9428EX178RUS,WOOD
X4128H125RUS,RICHARDSON
X256HE161RUS,BROOKS
7842C8197RUS,HALL
O753MX161RUS,ROBINSON
T6559O50RUS,HARRIS
Y356O8197RUS,ALLEN
X759HY197RUS,LEWIS
H217X836RUS,RAMIREZ
Y654E8750RUS,GARCIA
98017H178RUS,CASTILLO
7183TT36RUS,MYERS
O22097197RUS,MILLER
H387TM197RUS,GOMEZ
E42577152RUS,WILSON
Y275O8197RUS,MOORE
9683EC178RUS,CASTILLO
M374CH197RUS,BROWN
9943OH154RUS,HOWARD
K327T8197RUS,COOPER
X767HY197RUS,HERNANDEZ
T686EO197RUS,CLARK
7831C8197RUS,BENNETT
9020YC197RUS,PARKER
7369C8197RUS,MORGAN
O77997197RUS,TAYLOR
7788KT197RUS,GREEN
Y234E877RUS,COLLINS
O6939X163RUS,HILL
7364C8197RUS,ANDERSON
9408H7178RUS,MURPHY
E40577152RUS,JACKSON
K328T8197RUS,MORALES
9683EC178RUS,ALVAREZ
8439XX154RUS,EDWARDS
X583HE161RUS,DIAZ
X795O796RUS,MARTINEZ
H427YH197RUS,GREEN
Y780EE197RUS,ADAMS
9697MO178RUS,MARTIN
9939KK197RUS,HERNANDEZ
T018OX197RUS,SCOTT
7830C8197RUS,JAMES
E53677152RUS,RAMIREZ
Y164O8161RUS,NELSON
T6419O50RUS,JOHNSON
X765HY197RUS,MORALES
X423MK197RUS,MURPHY
7826C8197RUS,HILL
E223YM197RUS,ROBERTS
H977HY161RUS,RIVERA
8603T8154RUS,GUTIERREZ
98047H178RUS,MENDOZA
X522OM161RUS,CHAVEZ
O136HO197RUS,ANDERSON
7089H8163RUS,SMITH
O718MM163RUS,MILLER
X322OP77RUS,TORRES
A983HP77RUS,DIAZ
K140XB77RUS,MORGAN
